firstName,lastName,gender,dateOfBirth,age,email,homePhone,cellPhone,campId,line1,line2,city,state,zipCode,emergencyContactName,emergencyContactPhone,applicationDate,reviewDate,payment,decisionId,formsChecked,equipmentsChecked,bunkhouseId,tribeId
Irene,Dominique,F,1/21/2007,,lectus@magnamalesuadavel.com,6317901581,8112983367,1,5734 Integer St.,,Feilding,Mali,28845,Garrison,3952979015,1/21/2016,1/21/2016,0,2,,,,
Kristen,Hiroko,F,7/27/2003,,in.molestie.tortor@purusaccumsan.co.uk,9158646050,8627188578,1,Ap #650-6931 Primis Rd.,,Loughborough,Guadeloupe,90516,Amery,7336325503,7/27/2016,7/27/2016,0,2,,,,
Ima,Helen,F,1/31/2002,,libero.nec@vestibulum.co.uk,6943891210,6683224297,1,460-9217 Accumsan Rd.,,Sangerhausen,Swaziland,80353,Mannix,3865142802,1/31/2016,1/31/2016,1,1,,,,
Paloma,Sophia,F,10/8/2007,,aliquet@iaculisaliquetdiam.com,6541436159,5696035681,1,3347 Purus Street,,Schleswig,Sweden,14853,John,5765053979,10/8/2016,10/8/2016,1,1,,,,
Yoshi,Alea,F,3/13/2001,,urna.Ut@Proindolor.com,7821378941,1113060967,1,6120 Hendrerit Av.,,Rocky View,Turks,12261,Matthew,9545949012,3/13/2016,3/13/2016,1,1,,,,
Lareina,Medge,F,3/8/2002,,magna.nec.quam@primisin.org,4142309391,7585377295,1,P.O. Box 708, 7876 Hendrerit Road,Corvino San Quirico,Burundi,54904,Jerry,6471983755,3/8/2016,3/8/2016,1,1,,,,
Kylynn,Tatum,F,2/12/2001,,a.nunc@elitAliquam.ca,4211490987,1436809644,1,320-6980 Duis Street,,Veenendaal,Namibia,23452,Gary,5805112503,2/12/2016,2/12/2016,0,2,,,,
Renee,Jacqueline,F,10/9/2004,,quam.Curabitur.vel@ametrisusDonec.edu,6115920118,3481413776,1,7920 A, Av.,Itegem,Ghana,75283,Zahir,4983607690,10/9/2016,10/9/2016,0,2,,,,
Noelani,Urielle,F,8/4/2002,,consectetuer.cursus@cursusnon.com,7969536973,5823921255,1,P.O. Box 536, 6745 Fermentum Road,Naihati,Belgium,57417,Zachery,2589264985,8/4/2016,8/4/2016,1,1,,,,
Carolyn,Quintessa,F,8/10/1999,,cursus.vestibulum.Mauris@nec.org,4093209459,9354969416,1,P.O. Box 960, 5591 Magna. Street,Claremont,Zimbabwe,22594,Blaze,9362398781,8/10/2016,8/10/2016,1,1,,,,
Meghan,Calista,F,6/22/2004,,feugiat.nec@nisi.net,4719230658,8925115076,1,Ap #964-4716 Luctus St.,,Rhayader,Greenland,33293,Ulric,5495437336,6/22/2016,6/22/2016,0,2,,,,
Renee,Taylor,F,3/16/2007,,Sed.nunc.est@dictumPhasellusin.co.uk,8638525726,1296764369,1,9371 Elementum, Avenue,Geesthacht,Nauru,93127,Blaze,6815048129,3/16/2016,3/16/2016,1,1,,,,
Kendall,Halla,F,6/18/2006,,ac.feugiat.non@nequesed.ca,6654124089,5892099220,1,Ap #738-561 Sed Rd.,,Molenbeersel,Hungary,95616,Rogan,6131695704,6/18/2016,6/18/2016,1,1,,,,
Ori,Alfreda,F,1/8/2006,,velit.egestas.lacinia@dui.net,1396670724,8641468249,1,8460 Neque Avenue,,Strona,Mayotte,51312,Akeem,6685088401,1/8/2016,1/8/2016,0,2,,,,
Cynthia,Ebony,F,6/1/2002,,volutpat.nunc.sit@mattisIntegereu.net,5133075740,4281460362,1,P.O. Box 249, 5770 Proin St.,Landeck,Bhutan,92362,Hayes,3195806303,6/1/2016,6/1/2016,0,2,,,,
Genevieve,Kyla,F,5/8/2006,,egestas@eratin.org,7951911108,7433327551,1,230-2057 Nec, Rd.,Gaggio Montano,Yemen,16946,Jameson,2887908784,5/8/2016,5/8/2016,1,1,,,,
Tatiana,Iona,F,12/21/2003,,molestie.dapibus.ligula@pretium.net,8685579817,7899810304,1,P.O. Box 687, 7235 Feugiat Av.,Bridlington,Chile,76925,Abdul,3662287843,12/21/2016,12/21/2016,0,2,,,,
Nerea,Kaden,F,8/27/1999,,leo.Cras.vehicula@Curabiturconsequatlectus.co.uk,7127206703,4049585369,1,5810 Nunc Road,,San Clemente,Syria,15695,Colton,3849507393,8/27/2016,8/27/2016,0,2,,,,
Idola,Sage,F,9/11/1999,,magna@Quisque.com,8505579755,2666113007,1,P.O. Box 806, 8259 Aenean Av.,Lauder,Tokelau,70291,Brennan,2279390199,9/11/2016,9/11/2016,1,1,,,,
Maxine,Karyn,F,12/22/2005,,tristique.ac.eleifend@commodotincidunt.ca,6601105897,9122908805,1,P.O. Box 416, 2711 Felis,Capena,Czech,40714,Buckminster,2413174228,12/22/2016,12/22/2016,0,2,,,,
Vielka,Rebecca,F,4/4/2006,,non@etultricesposuere.com,1745626655,9939169822,1,Ap #175-4302 Magna, Road,Tuglie,Macao,97293,Plato,5817213988,4/4/2016,4/4/2016,1,1,,,,
Emerald,Rhiannon,F,12/2/2002,,Duis.sit@loremDonec.com,3543098422,1488444463,1,P.O. Box 402, 6355 Erat. Street,Avin,Sao,76855,Prescott,9743300933,12/2/2016,12/2/2016,1,1,,,,
Cynthia,Idona,F,2/12/2001,,metus.urna@insodales.edu,2693668076,8531098629,1,P.O. Box 830, 8581 Bibendum Street,Metz,South,21165,Quamar,7984325658,2/12/2016,2/12/2016,1,1,,,,
Winifred,Mechelle,F,9/10/2005,,amet.ultricies@DuisgravidaPraesent.net,8913636582,4955887077,1,8643 Euismod Street,,Virginal-Samme,Uruguay,93123,Rogan,7499707747,9/10/2016,9/10/2016,1,1,,,,
Cheryl,Vivien,F,5/7/2000,,et.magnis.dis@Morbi.net,4395636401,1665359232,1,P.O. Box 534, 3454 Metus. Avenue,Edinburgh,Denmark,48877,Ronan,9967294634,5/7/2016,5/7/2016,1,1,,,,
Rhoda,Jamalia,F,9/8/2002,,Mauris.ut@ametultricies.co.uk,8952879757,9093207241,1,8277 Elit Road,,Motta Visconti,Angola,97146,Leo,5094442835,9/8/2016,9/8/2016,0,2,,,,
Samantha,Kelsey,F,9/29/2000,,augue@quamquis.co.uk,8531967232,5027017238,1,P.O. Box 959, 1867 Fermentum Rd.,Koninksem,Uruguay,76879,Quinn,6103128895,9/29/2016,9/29/2016,0,2,,,,
Cally,Leigh,F,1/31/2007,,non@egetmetusIn.org,7725745492,2555803560,1,5785 Purus, Ave,Rankweil,Hungary,81031,Cyrus,4421129913,1/31/2016,1/31/2016,1,1,,,,
Martina,Chelsea,F,5/22/2004,,eu@Nunclaoreetlectus.com,1304818948,5639491179,1,539 Tristique Av.,,Invercargill,Suriname,45121,Chase,5111948539,5/22/2016,5/22/2016,1,1,,,,
Karly,Serina,F,3/22/2007,,mauris.sagittis.placerat@placeratorcilacus.co.uk,5966692337,6499622854,1,Ap #828-5371 Eu Ave,,New Plymouth,Sudan,65735,Branden,4991554868,3/22/2016,3/22/2016,1,1,,,,
Holly,Jael,F,8/25/2005,,sit.amet@Donec.org,6296644178,7301491022,1,578-5653 Mus. Street,,Fortune,Zimbabwe,75244,Henry,9054325879,8/25/2016,8/25/2016,1,1,,,,
Tashya,Freya,F,8/9/2003,,lectus.a.sollicitudin@elit.org,1435529107,3227237234,1,362-6093 In Rd.,,Talcahuano,Solomon,23554,Arsenio,8886267950,8/9/2016,8/9/2016,1,1,,,,
Reagan,Meredith,F,12/4/2006,,Integer.vitae@diamProin.com,5623357100,3535946792,1,322-9124 Bibendum. St.,,North Las Vegas,Nepal,51911,Francis,3666171955,12/4/2016,12/4/2016,0,2,,,,
Dakota,Jeanette,F,3/14/2005,,mauris@semper.edu,7885024659,2829245184,1,403-571 Sit Rd.,,Pfungstadt,Islands,20606,Jerome,3848203125,3/14/2016,3/14/2016,0,2,,,,
Kimberley,Unity,F,10/25/2007,,a.ultricies.adipiscing@laciniaorciconsectetuer.com,9364012269,4435616140,1,P.O. Box 723, 1799 Lacinia Street,Boorsem,Isle of Man,57938,Raphael,6799625141,10/25/2016,10/25/2016,1,1,,,,
Harlan,Amela,M,10/8/2004,,Cras.pellentesque@diam.edu,6897917805,6982563725,1,296-2200 Eget Rd.,,Quilaco,Eritrea,95847,Silas,2226305527,10/8/2016,10/8/2016,1,1,,,,
Buckminster,Christine,M,5/11/2001,,lectus@magnamalesuadavel.com,6317901581,8112983367,1,5734 Integer St.,,Feilding,Mali,28845,Garrison,3952979015,5/11/2016,5/11/2016,1,1,,,,
Kenneth,Glenna,M,7/23/2006,,in.molestie.tortor@purusaccumsan.co.uk,9158646050,8627188578,1,Ap #650-6931 Primis Rd.,,Loughborough,Guadeloupe,90516,Amery,7336325503,7/23/2016,7/23/2016,0,2,,,,
Keane,Hanna,M,6/25/2006,,libero.nec@vestibulum.co.uk,6943891210,6683224297,1,460-9217 Accumsan Rd.,,Sangerhausen,Swaziland,80353,Mannix,3865142802,6/25/2016,6/25/2016,0,2,,,,
Colin,Rinah,M,8/11/2003,,aliquet@iaculisaliquetdiam.com,6541436159,5696035681,1,3347 Purus Street,,Schleswig,Sweden,14853,John,5765053979,8/11/2016,8/11/2016,0,2,,,,
Ira,Sandra,M,12/23/2005,,urna.Ut@Proindolor.com,7821378941,1113060967,1,6120 Hendrerit Av.,,Rocky View,Turks,12261,Matthew,9545949012,12/23/2016,12/23/2016,0,2,,,,
Lucas,Carol,M,7/9/2005,,magna.nec.quam@primisin.org,4142309391,7585377295,1,P.O. Box 708, 7876 Hendrerit Road,Corvino San Quirico,Burundi,54904,Jerry,6471983755,7/9/2016,7/9/2016,1,1,,,,
Chandler,Ginger,M,7/20/2007,,a.nunc@elitAliquam.ca,4211490987,1436809644,1,320-6980 Duis Street,,Veenendaal,Namibia,23452,Gary,5805112503,7/20/2016,7/20/2016,1,1,,,,
Harlan,Blythe,M,5/20/2005,,quam.Curabitur.vel@ametrisusDonec.edu,6115920118,3481413776,1,7920 A, Av.,Itegem,Ghana,75283,Zahir,4983607690,5/20/2016,5/20/2016,1,1,,,,
Cruz,Cameron,M,2/17/2002,,consectetuer.cursus@cursusnon.com,7969536973,5823921255,1,P.O. Box 536, 6745 Fermentum Road,Naihati,Belgium,57417,Zachery,2589264985,2/17/2016,2/17/2016,0,2,,,,
Hamilton,Quemby,M,7/5/2001,,cursus.vestibulum.Mauris@nec.org,4093209459,9354969416,1,P.O. Box 960, 5591 Magna. Street,Claremont,Zimbabwe,22594,Blaze,9362398781,7/5/2016,7/5/2016,0,2,,,,
Jordan,Shelly,M,10/3/2001,,feugiat.nec@nisi.net,4719230658,8925115076,1,Ap #964-4716 Luctus St.,,Rhayader,Greenland,33293,Ulric,5495437336,10/3/2016,10/3/2016,1,1,,,,
Yuli,Kiona,M,10/14/1999,,Sed.nunc.est@dictumPhasellusin.co.uk,8638525726,1296764369,1,9371 Elementum, Avenue,Geesthacht,Nauru,93127,Blaze,6815048129,10/14/2016,10/14/2016,0,2,,,,
Moses,Gay,M,11/6/2002,,ac.feugiat.non@nequesed.ca,6654124089,5892099220,1,Ap #738-561 Sed Rd.,,Molenbeersel,Hungary,95616,Rogan,6131695704,11/6/2016,11/6/2016,0,2,,,,
Kenneth,Priscilla,M,11/24/2007,,velit.egestas.lacinia@dui.net,1396670724,8641468249,1,8460 Neque Avenue,,Strona,Mayotte,51312,Akeem,6685088401,11/24/2016,11/24/2016,0,2,,,,
Quentin,Rhea,M,11/6/2000,,volutpat.nunc.sit@mattisIntegereu.net,5133075740,4281460362,1,P.O. Box 249, 5770 Proin St.,Landeck,Bhutan,92362,Hayes,3195806303,11/6/2016,11/6/2016,1,1,,,,
Emery,Meredith,M,7/6/2004,,egestas@eratin.org,7951911108,7433327551,1,230-2057 Nec, Rd.,Gaggio Montano,Yemen,16946,Jameson,2887908784,7/6/2016,7/6/2016,1,1,,,,
Branden,Marcia,M,12/31/2004,,molestie.dapibus.ligula@pretium.net,8685579817,7899810304,1,P.O. Box 687, 7235 Feugiat Av.,Bridlington,Chile,76925,Abdul,3662287843,12/31/2016,12/31/2016,1,1,,,,
Arthur,Minerva,M,11/16/2001,,leo.Cras.vehicula@Curabiturconsequatlectus.co.uk,7127206703,4049585369,1,5810 Nunc Road,,San Clemente,Syria,15695,Colton,3849507393,11/16/2016,11/16/2016,0,2,,,,
Raymond,Quyn,M,3/21/2003,,magna@Quisque.com,8505579755,2666113007,1,P.O. Box 806, 8259 Aenean Av.,Lauder,Tokelau,70291,Brennan,2279390199,3/21/2016,3/21/2016,0,2,,,,
Nash,Serina,M,1/17/2007,,tristique.ac.eleifend@commodotincidunt.ca,6601105897,9122908805,1,P.O. Box 416, 2711 Felis,Capena,Czech,40714,Buckminster,2413174228,1/17/2016,1/17/2016,1,1,,,,
Fitzgerald,Kylan,M,3/19/2004,,non@etultricesposuere.com,1745626655,9939169822,1,Ap #175-4302 Magna, Road,Tuglie,Macao,97293,Plato,5817213988,3/19/2016,3/19/2016,1,1,,,,
Emerson,Eleanor,M,3/9/2007,,Duis.sit@loremDonec.com,3543098422,1488444463,1,P.O. Box 402, 6355 Erat. Street,Avin,Sao,76855,Prescott,9743300933,3/9/2016,3/9/2016,0,2,,,,
Yoshio,Bianca,M,3/15/2006,,metus.urna@insodales.edu,2693668076,8531098629,1,P.O. Box 830, 8581 Bibendum Street,Metz,South,21165,Quamar,7984325658,3/15/2016,3/15/2016,1,1,,,,
Brody,Kiara,M,3/30/2005,,amet.ultricies@DuisgravidaPraesent.net,8913636582,4955887077,1,8643 Euismod Street,,Virginal-Samme,Uruguay,93123,Rogan,7499707747,3/30/2016,3/30/2016,0,2,,,,
Chester,Ocean,M,5/1/2005,,et.magnis.dis@Morbi.net,4395636401,1665359232,1,P.O. Box 534, 3454 Metus. Avenue,Edinburgh,Denmark,48877,Ronan,9967294634,5/1/2016,5/1/2016,1,1,,,,
Cameron,Mary,M,2/6/2001,,Mauris.ut@ametultricies.co.uk,8952879757,9093207241,1,8277 Elit Road,,Motta Visconti,Angola,97146,Leo,5094442835,2/6/2016,2/6/2016,0,2,,,,
Lance,Melissa,M,8/23/1999,,augue@quamquis.co.uk,8531967232,5027017238,1,P.O. Box 959, 1867 Fermentum Rd.,Koninksem,Uruguay,76879,Quinn,6103128895,8/23/2016,8/23/2016,0,2,,,,
Ralph,Ariana,M,9/24/2005,,non@egetmetusIn.org,7725745492,2555803560,1,5785 Purus, Ave,Rankweil,Hungary,81031,Cyrus,4421129913,9/24/2016,9/24/2016,0,2,,,,
Craig,Buffy,M,6/19/2002,,eu@Nunclaoreetlectus.com,1304818948,5639491179,1,539 Tristique Av.,,Invercargill,Suriname,45121,Chase,5111948539,6/19/2016,6/19/2016,1,1,,,,
Harrison,Mallory,M,10/2/2005,,mauris.sagittis.placerat@placeratorcilacus.co.uk,5966692337,6499622854,1,Ap #828-5371 Eu Ave,,New Plymouth,Sudan,65735,Branden,4991554868,10/2/2016,10/2/2016,1,1,,,,
Kevin,Cheryl,M,5/11/2007,,sit.amet@Donec.org,6296644178,7301491022,1,578-5653 Mus. Street,,Fortune,Zimbabwe,75244,Henry,9054325879,5/11/2016,5/11/2016,0,2,,,,
Fletcher,Shaine,M,6/14/2005,,lectus.a.sollicitudin@elit.org,1435529107,3227237234,1,362-6093 In Rd.,,Talcahuano,Solomon,23554,Arsenio,8886267950,6/14/2016,6/14/2016,1,1,,,,
Jerome,Britanney,M,9/5/2003,,Integer.vitae@diamProin.com,5623357100,3535946792,1,322-9124 Bibendum. St.,,North Las Vegas,Nepal,51911,Francis,3666171955,9/5/2016,9/5/2016,0,2,,,,
